DROP TABLE IF EXISTS branches CASCADE;
DROP TABLE IF EXISTS cities CASCADE;


-- Create cities table
CREATE TABLE cities (
    id BIGSERIAL PRIMARY KEY,
    name VARCHAR(100) NOT NULL,
    state_id BIGINT NOT NULL,

    CONSTRAINT fk_cities_state
        FOREIGN KEY (state_id)
        REFERENCES states(id)
        ON DELETE CASCADE,

    UNIQUE (name, state_id)
);

-- Create branches table
CREATE TABLE branches (
    id BIGSERIAL PRIMARY KEY,
    name VARCHAR(150) NOT NULL,
    address VARCHAR(255) NOT NULL,
    phone_number VARCHAR(20),
    city_id BIGINT NOT NULL,
    opening_time TIME,
    closing_time TIME,

    CONSTRAINT fk_branches_city
        FOREIGN KEY (city_id)
        REFERENCES cities(id)
        ON DELETE CASCADE
);

-- Create indexes for better query performance
CREATE INDEX idx_cities_state_id ON cities(state_id);
CREATE INDEX idx_branches_city_id ON branches(city_id);


INSERT INTO cities (name, state_id)
SELECT city, s.id
FROM (
    VALUES
    -- Alabama
    ('Florence','Alabama'),('Montgomery','Alabama'),('Pelham','Alabama'),('Dothan','Alabama'),('Huntsville','Alabama'),('Mobile','Alabama'),('Tuscaloosa','Alabama'),('Oxford','Alabama'),('Prattville','Alabama'),('Athens','Alabama'),('Cullman','Alabama'),

    -- Alaska
    ('Anchorage','Alaska'),

    -- Arizona
    ('Phoenix','Arizona'),('Gilbert','Arizona'),('Marana','Arizona'),('Mesa','Arizona'),('Peoria','Arizona'),('Tucson','Arizona'),('Yuma','Arizona'),('Scottsdale','Arizona'),('Surprise','Arizona'),('Chandler','Arizona'),('Tempe','Arizona'),

    -- Arkansas
    ('North Little Rock','Arkansas'),('Conway','Arkansas'),('Jonesboro','Arkansas'),('Fort Smith','Arkansas'),('Rogers','Arkansas'),('Searcy','Arkansas'),('Little Rock','Arkansas'),

    -- California
    ('Elk Grove','California'),('Tracy','California'),('Union City','California'),('Turlock','California'),('Visalia','California'),('Indio','California'),('Moreno Valley','California'),('Rialto','California'),('El Cajon','California'),('Camarillo','California'),('Hesperia','California'),

    -- Colorado
    ('Arvada','Colorado'),('Aurora','Colorado'),('Colorado Springs','Colorado'),('Fort Collins','Colorado'),('Grand Junction','Colorado'),('Greeley','Colorado'),('Littleton','Colorado'),('Pueblo','Colorado'),('Brighton','Colorado'),('Thornton','Colorado'),('Longmont','Colorado'),('Parker','Colorado'),

    -- Connecticut
    ('Hartford','Connecticut'),('Manchester','Connecticut'),('West Haven','Connecticut'),

    -- Delaware
    ('Bear','Delaware'),('Camden','Delaware'),('Seaford','Delaware'),

    -- Florida
    ('Orlando','Florida'),('Gainesville','Florida'),('Lake City','Florida'),('Melbourne','Florida'),('Milton','Florida'),('Orange Park','Florida'),('Palm Bay','Florida'),('Tallahassee','Florida'),('Champions Gate','Florida'),('Trinity','Florida'),('Kissimmee','Florida'),('Wesley Chapel','Florida'),('Lutz','Florida'),('Deltona','Florida'),('Fort Walton','Florida'),('St. Augustine','Florida'),('St. Petersburg','Florida'),('Tampa','Florida'),('Titusville','Florida'),('Valrico','Florida'),('West Palm Beach','Florida'),

    -- Georgia
    ('Columbus','Georgia'),('Douglasville','Georgia'),('Gainesville','Georgia'),('Hiram','Georgia'),('Marietta','Georgia'),('Newnan','Georgia'),('Savannah','Georgia'),('Valdosta','Georgia'),('Warner Robins','Georgia'),('Kingsland','Georgia'),('Snellville','Georgia'),('Cartersville','Georgia'),('Albany','Georgia'),('Athens','Georgia'),('Augusta','Georgia'),('Buford','Georgia'),('Calhoun','Georgia'),('Commerce','Georgia'),('Cumming','Georgia'),('Evans','Georgia'),('Kennesaw','Georgia'),('Lagrange','Georgia'),('Lawrenceville','Georgia'),('Macon','Georgia'),('Pooler','Georgia'),('Rome','Georgia'),

    -- Hawaii
    ('Wahiawa (Oahu)','Hawaii'),('Kapolei','Hawaii'),

    -- Idaho
    ('Boise','Idaho'),('Idaho Falls (Ammon)','Idaho'),('Pocatello','Idaho'),('Coeur d''Alene','Idaho'),('Nampa','Idaho'),('Twin Falls','Idaho'),

    -- Illinois
    ('Springfield','Illinois'),('Champaign','Illinois'),('Decatur','Illinois'),('East Peoria','Illinois'),('Joliet','Illinois'),('Naperville','Illinois'),('Rockford','Illinois'),('Shiloh','Illinois'),('Tinley Park','Illinois'),('Gurnee','Illinois'),('Mattoon','Illinois'),('Algonquin','Illinois'),

    -- Indiana
    ('Clarksville','Indiana'),('Indianapolis','Indiana'),('Evansville','Indiana'),('Fishers','Indiana'),('Fort Wayne','Indiana'),('Greenwood','Indiana'),('Kokomo','Indiana'),('Muncie','Indiana'),('Greenfield','Indiana'),('Sellersburg','Indiana'),('Lafayette','Indiana'),('Richmond','Indiana'),('Terre Haute','Indiana'),('Anderson','Indiana'),('Avon','Indiana'),('Bloomington','Indiana'),('Columbus','Indiana'),('Elkhart','Indiana'),

    -- Iowa
    ('Cedar Falls','Iowa'),('Cedar Rapids','Iowa'),('Coralville','Iowa'),('Davenport','Iowa'),('Urbandale','Iowa'),('Dubuque','Iowa'),('Ankeny','Iowa'),

    -- Kansas
    ('Olathe','Kansas'),('Topeka','Kansas'),('Wichita','Kansas'),('Lawrence','Kansas'),('Manhattan','Kansas'),('Derby','Kansas'),('Garden City','Kansas'),

    -- Kentucky
    ('Louisville','Kentucky'),('Lexington','Kentucky'),('Ashland','Kentucky'),('Elizabethtown','Kentucky'),('Fort Wright','Kentucky'),('Owensboro','Kentucky'),('Paducah','Kentucky'),('Berea','Kentucky'),('Georgetown','Kentucky'),('Fern Creek','Kentucky'),('Bowling Green','Kentucky'),('Louisville (HQ)','Kentucky'),

    -- Louisiana
    ('Baton Rouge','Louisiana'),('Bossier City','Louisiana'),('Harvey','Louisiana'),('Lafayette','Louisiana'),('Lake Charles','Louisiana'),('Slidell','Louisiana'),('Ruston','Louisiana'),

    -- Maine
    ('Bangor','Maine'),('Scarborough','Maine'),('Augusta','Maine'),

    -- Maryland
    ('Baltimore','Maryland'),('Bowie','Maryland'),('Hagerstown','Maryland'),('Salisbury','Maryland'),('Westminster','Maryland'),('Columbia','Maryland'),('Fallston','Maryland'),('Frederick','Maryland'),

    -- Massachusetts
    ('Brockton','Massachusetts'),('Everett','Massachusetts'),('Methuen','Massachusetts'),('N. Dartmouth','Massachusetts'),('Springfield','Massachusetts'),('Worcester','Massachusetts'),

    -- Michigan
    ('Chesterfield','Michigan'),('Kentwood','Michigan'),('Lansing','Michigan'),('Ann Arbor','Michigan'),('Grand Rapids','Michigan'),('Kalamazoo','Michigan'),('Howell','Michigan'),('Battle Creek','Michigan'),('Muskegon','Michigan'),('Portage','Michigan'),('Sterling Heights','Michigan'),('Taylor','Michigan'),

    -- Minnesota
    ('Woodbury','Minnesota'),('Shakopee','Minnesota'),('Rochester','Minnesota'),('St. Cloud','Minnesota'),('Mankato','Minnesota'),('Coon Rapids','Minnesota'),

    -- Mississippi
    ('Jackson','Mississippi'),('Gulfport','Mississippi'),('Hattiesburg','Mississippi'),('Tupelo','Mississippi'),('D''Iberville','Mississippi'),('Horn Lake','Mississippi'),

    -- Missouri
    ('Kansas City','Missouri'),('St. Louis','Missouri'),('Springfield','Missouri'),('Columbia','Missouri'),('St. Joseph','Missouri'),('Branson','Missouri'),('Wentzville','Missouri'),('Cape Girardeau','Missouri'),('Liberty','Missouri'),('O''Fallon','Missouri'),

    -- Montana
    ('Billings','Montana'),('Bozeman','Montana'),('Missoula','Montana'),('Helena','Montana'),

    -- Nebraska
    ('Omaha','Nebraska'),('Lincoln','Nebraska'),('Grand Island','Nebraska'),('Kearney','Nebraska'),

    -- Nevada
    ('Las Vegas','Nevada'),('Henderson','Nevada'),('Reno','Nevada'),

    -- New Hampshire
    ('Nashua','New Hampshire'),('Manchester','New Hampshire'),('Concord','New Hampshire'),

    -- New Jersey
    ('Old Bridge','New Jersey'),('Holmdel','New Jersey'),('Millville','New Jersey'),('Marlton','New Jersey'),

    -- New Mexico
    ('Albuquerque','New Mexico'),('Las Cruces','New Mexico'),('Santa Fe','New Mexico'),('Clovis','New Mexico'),

    -- New York
    ('Albany','New York'),('Kingston','New York'),('Rochester','New York'),('Syracuse','New York'),('Buffalo','New York'),('Deer Park','New York'),('Shirley','New York'),

    -- North Carolina
    ('Raleigh','North Carolina'),('Charlotte','North Carolina'),('Durham','North Carolina'),('Greensboro','North Carolina'),('Winston-Salem','North Carolina'),('Fayetteville','North Carolina'),('Henderson','North Carolina'),('Concord','North Carolina'),

    -- North Dakota
    ('Fargo','North Dakota'),('Bismarck','North Dakota'),('Grand Forks','North Dakota'),

    -- Ohio
    ('Columbus','Ohio'),('Cincinnati','Ohio'),('Cleveland','Ohio'),('Canton','Ohio'),('Dayton','Ohio'),('Toledo','Ohio'),('Youngstown','Ohio'),('Sidney','Ohio'),('Chillicothe','Ohio'),('Marysville','Ohio'),('Akron','Ohio'),('Mansfield','Ohio'), ('Montgomery','Ohio'),('Findlay','Ohio'),('Ashtabula','Ohio'),('Beavercreek','Ohio'),('Boardman','Ohio'),('Elyria','Ohio'),('Hamilton','Ohio'),('Lancaster','Ohio'),('Lima','Ohio'),('Marion','Ohio'),('Mentor','Ohio'),('New Philadelphia','Ohio'),('Newark','Ohio'),('Niles','Ohio'),('Reynoldsburg','Ohio'),('Springfield','Ohio'),('Stow','Ohio'),('Strongsville','Ohio'),('Westerville','Ohio'),('Wooster','Ohio'),('Zanesville','Ohio'),

    -- Oklahoma
    ('Oklahoma City','Oklahoma'),('Tulsa','Oklahoma'),('Norman','Oklahoma'),('Broken Arrow','Oklahoma'),('Lawton','Oklahoma'),('Duncan','Oklahoma'),('Edmond','Oklahoma'),('Muskogee','Oklahoma'),('Owasso','Oklahoma'),('Stillwater','Oklahoma'),

    -- Oregon
    ('Portland','Oregon'),('Eugene','Oregon'),('Salem','Oregon'),('Bend','Oregon'),('Tigard','Oregon'),

    -- Pennsylvania
    ('Pittsburgh','Pennsylvania'),('Philadelphia','Pennsylvania'),('Allentown','Pennsylvania'),('Erie','Pennsylvania'),('Harrisburg','Pennsylvania'),('Scranton','Pennsylvania'),('Ephrata','Pennsylvania'),('Trexlertown','Pennsylvania'),('Butler','Pennsylvania'),('Chambersburg','Pennsylvania'),('Greensburg','Pennsylvania'),('Mechanicsburg','Pennsylvania'),('Monaca','Pennsylvania'),('Reading','Pennsylvania'),('State College','Pennsylvania'),('Washington','Pennsylvania'),('Wilkes-Barre','Pennsylvania'),('York','Pennsylvania'),

    -- Rhode Island
    ('Warwick','Rhode Island'),('Cranston','Rhode Island'),

    -- South Carolina
    ('Columbia','South Carolina'),('Charleston','South Carolina'),('Greenville','South Carolina'),('Myrtle Beach','South Carolina'),('Rock Hill','South Carolina'),('Indian Land','South Carolina'),('Aiken','South Carolina'),('Anderson','South Carolina'),('Florence','South Carolina'),('Mount Pleasant','South Carolina'),('North Charleston','South Carolina'),('Spartanburg','South Carolina'),('Summerville','South Carolina'),

    -- South Dakota
    ('Sioux Falls','South Dakota'),('Rapid City','South Dakota'),

    -- Tennessee
    ('Knoxville','Tennessee'),('Nashville','Tennessee'),('Memphis','Tennessee'),('Chattanooga','Tennessee'),('Murfreesboro','Tennessee'),('Johnson City','Tennessee'),('Spring Hill','Tennessee'),('Tullahoma','Tennessee'),('Antioch','Tennessee'),('Clarksville','Tennessee'),('Cleveland','Tennessee'),('Cookeville','Tennessee'),('Franklin','Tennessee'),('Jackson','Tennessee'),('Kingsport','Tennessee'),('Morristown','Tennessee'),('Pigeon Forge','Tennessee'),('Sevierville','Tennessee'),

    -- Texas
    ('Dallas','Texas'),('Houston','Texas'),('San Antonio','Texas'),('Fort Worth','Texas'),('Austin','Texas'),('El Paso','Texas'),('Lubbock','Texas'),('McAllen','Texas'),('Waco','Texas'),('Buda','Texas'),('Northlake','Texas'),('Richmond','Texas'),('Waxahachie','Texas'),('Weatherford','Texas'),('Bastrop','Texas'),('Burleson','Texas'),('Corsicana','Texas'),('Greenville','Texas'),('Huntsville','Texas'),('Kerrville','Texas'),('Mount Pleasant','Texas'),('Palestine','Texas'),('Paris','Texas'),('Seguin','Texas'),('Stephenville','Texas'),('Sulphur Springs','Texas'),('Terrell','Texas'),('Vidor','Texas'),('Brenham','Texas'),('Gainesville','Texas'),('Pampa','Texas'),('Pearland','Texas'),('Pflugerville','Texas'),('Port Arthur','Texas'),('San Angelo','Texas'),('San Marcos','Texas'),('Sherman','Texas'),('Temple','Texas'),('Texarkana','Texas'),('Tomball','Texas'),('Tyler','Texas'),('Victoria','Texas'),('Wichita Falls','Texas'),('Abilene','Texas'),('Amarillo','Texas'),('Corpus Christi','Texas'),('Brownsville','Texas'),('College Station','Texas'),('Conroe','Texas'),('Denton','Texas'),('Edinburg','Texas'),('Flower Mound','Texas'),('Fort Bliss','Texas'),('Friendswood','Texas'),('Garland','Texas'),('Grand Prairie','Texas'),('Harlingen','Texas'),('Humble','Texas'),('Irving','Texas'),('Katy','Texas'),('Killeen','Texas'),('Kingwood','Texas'),('Lake Jackson','Texas'),('Laredo','Texas'),('Live Oak','Texas'),('Longview','Texas'),('Lufkin','Texas'),('Mansfield','Texas'),('McKinney','Texas'),('Mesquite','Texas'),('Midland','Texas'),('Odessa','Texas'),('Pasadena','Texas'),('Rockwall','Texas'),('Rosenberg','Texas'),('The Colony','Texas'),('Arlington','Texas'),('Baytown','Texas'),('Beaumont','Texas'),

    -- Utah
    ('Salt Lake City','Utah'),('Ogden','Utah'),('Orem','Utah'),('St. George','Utah'),('Saratoga Springs','Utah'),('American Fork','Utah'),('Layton','Utah'),('Spanish Fork','Utah'),('Lehi','Utah'),('Logan','Utah'),('Sandy','Utah'),('South Jordan','Utah'),('South Ogden','Utah'),('West Bountiful','Utah'),

    -- Vermont
    ('Williston','Vermont'),

    -- Virginia
    ('Richmond','Virginia'),('Virginia Beach','Virginia'),('Norfolk','Virginia'),('Chesapeake','Virginia'),('Lynchburg','Virginia'),('Roanoke','Virginia'),('Waynesboro','Virginia'),('Stafford','Virginia'),('Colonial Heights','Virginia'),('Winchester','Virginia'),('Ashburn','Virginia'),('Chantilly','Virginia'),('Christiansburg','Virginia'),('Culpeper','Virginia'),('Danville','Virginia'),('Fredericksburg','Virginia'),('Harrisonburg','Virginia'),('Manassas','Virginia'),('Midlothian','Virginia'),('Newport News','Virginia'),

    -- Washington
    ('Kennewick','Washington'),('Spokane','Washington'),('Vancouver','Washington'),('Lakewood','Washington'),('Puyallup','Washington'),('Union Gap','Washington'),('Everett','Washington'),

    -- West Virginia
    ('Charleston','West Virginia'),('Huntington','West Virginia'),('Morgantown','West Virginia'),('Parkersburg','West Virginia'),('Princeton','West Virginia'),('Barboursville','West Virginia'),('Clarksburg','West Virginia'),

    -- Wisconsin
    ('Madison','Wisconsin'),('Milwaukee','Wisconsin'),('Green Bay','Wisconsin'),('Eau Claire','Wisconsin'),('Kenosha','Wisconsin'),('Fond du Lac','Wisconsin'),('Oshkosh','Wisconsin'),('Janesville','Wisconsin'),('Onalaska','Wisconsin'),('Waukesha','Wisconsin'),('Appleton','Wisconsin'),('Brookfield','Wisconsin'),('New Berlin','Wisconsin'),('Racine','Wisconsin'),

    -- Wyoming
    ('Casper','Wyoming'),('Cheyenne','Wyoming')

) AS v(city, state)
JOIN states s ON s.name = v.state;




INSERT INTO branches (name, address, phone_number, city_id)
SELECT
    'Texas Roadhouse' AS name,
    v.address,
    v.phone,
    c.id
FROM (
    VALUES
    ('Alabama','Montgomery','7525 Eastchase Pkwy','(334) 396-7774'),
    ('Arizona','Phoenix','2651 W Happy Valley Rd','(623) 581-7427'),
    ('Arkansas','Little Rock','3601 Warden Rd','(501) 771-4230'),
    ('California','Union City','32115 Union Landing Blvd','(510) 324-7623'),
    ('Colorado','Aurora','14200 E Ellsworth Ave','(303) 341-7427'),
    ('Connecticut','Manchester','226 Buckland Hills Dr','(860) 644-3200'),
    ('Delaware','Bear','1341 Churchmans Rd','(302) 322-6363'),
    ('Florida','Orlando','6372 International Dr','(407) 352-7427'),
    ('Georgia','Savannah','3105 Abercorn St','(912) 354-1500'),
    ('Hawaii','Wahiawa','703 California Ave','(808) 621-1224'),
    ('Idaho','Boise','3450 N Eagle Rd','(208) 887-1110'),
    ('Illinois','Naperville','2856 Patriot’s Ln','(630) 369-1221'),
    ('Indiana','Clarksville','757 E Lewis and Clark Pkwy','(812) 280-1103'),
    ('Iowa','Davenport','4005 East 53rd St','(563) 359-1223'),
    ('Kansas','Wichita','6707 W Kellogg Dr','(316) 943-8400'),
    ('Kentucky','Louisville (HQ)','6040 Dutchmans Ln','(502) 426-9984'),
    ('Louisiana','Baton Rouge','10320 Reiger Rd','(225) 293-2222'),
    ('Maryland','Baltimore','8225 Town Center Dr','(410) 931-1510'),
    ('Massachusetts','Springfield','1259 Liberty St','(413) 746-1300'),
    ('Michigan','Ann Arbor','3133 Ann Arbor-Saline Rd','(734) 332-8800'),
    ('Minnesota','Woodbury','10040 City Walk Dr','(651) 501-1600'),
    ('Mississippi','Jackson','6363 I-55 N','(601) 957-3777'),
    ('Missouri','St. Louis','4250 Rusty Rd','(314) 892-7427'),
    ('Nevada','Las Vegas','1380 E Flamingo Rd','(702) 451-0123'),
    ('New Jersey','Old Bridge','1000 US-9','(732) 727-4645'),
    ('New York','Buffalo','1641 Niagara Falls Blvd','(716) 835-7427'),
    ('North Carolina','Raleigh','1001 Common Wealth Ct','(919) 872-4660'),
    ('Ohio','Columbus','1111 Gemini Pl','(614) 880-9110'),
    ('Oklahoma','Oklahoma City','7010 West Memorial Rd','(405) 728-7427'),
    ('Pennsylvania','Pittsburgh','1000 McHolme Dr','(412) 264-5858'),
    ('South Carolina','Charleston','1708 Sam Rittenberg Blvd','(843) 573-0330'),
    ('Tennessee','Nashville','1059 Old Fort Pkwy','(615) 896-1800'),
    ('Texas','Fort Worth','5250 Endicott Ave','(817) 831-8811'),
    ('Utah','Salt Lake City','557 East 2100 S','(801) 484-7427'),
    ('Virginia','Richmond','1500 West Broad St','(804) 358-7427'),
    ('Washington','Spokane','7611 N Division St','(509) 464-1500'),
    ('Wisconsin','Madison','4302 East Towne Blvd','(608) 244-7427'),
    ('Florida','St. Augustine','245 SR-16, 32084','(904) 823-1123'),
    ('Florida','St. Petersburg','2645 Tyrone Blvd N, 33710','(727) 345-7427'),
    ('Florida','Tallahassee','3111 C Capital Cir NE, 32308','(850) 219-1224'),
    ('Florida','Tampa','26409 Silver Palm Blvd, 33544','(813) 907-2510'),
    ('Florida','Titusville','3381 Columbia Blvd, 32780','(321) 264-9040'),
    ('Florida','Valrico','1851 S State Rd 60, 33594','(813) 655-7427'),
    ('Florida','West Palm Beach','725 Village Blvd, 33409','(561) 471-7427'),
    ('Georgia','Albany','2717 Dawson Rd, 31707','(229) 434-1181'),
    ('Georgia','Athens','1021 Dowdy Rd, 30606','(706) 548-7427'),
    ('Georgia','Augusta','2891 Washington Rd, 30909','(706) 733-7427'),
    ('Georgia','Buford','3354 Buford Dr, 30519','(770) 831-7427'),
    ('Georgia','Calhoun','495 W Belmont Dr, 30701','(706) 602-0010'),
    ('Georgia','Columbus','2970 N Lake Pkwy, 31909','(706) 507-7427'),
    ('Georgia','Commerce','30205 Hwy 441, 30529','(706) 336-7427'),
    ('Georgia','Cumming','510 Lakeland Plaza, 30040','(770) 888-9122'),
    ('Georgia','Douglasville','6940 Douglas Blvd, 30135','(770) 489-4081'),
    ('Georgia','Evans','4419 Washington Rd, 30809','(706) 651-1100'),
    ('Georgia','Gainesville','1500 Browns Bridge Rd, 30501','(770) 532-0050'),
    ('Georgia','Hiram','5110 Jimmy Lee Smith Pkwy, 30141','(770) 222-1011'),
    ('Georgia','Kennesaw','2150 Roberts Ct NW, 30144','(770) 426-1022'),
    ('Georgia','Lagrange','1488 Lafayette Pkwy, 30241','(706) 883-7427'),
    ('Georgia','Lawrenceville','1025 Horizon Pkwy, 30043','(770) 338-7427'),
    ('Georgia','Macon','3090 Riverside Dr, 31210','(478) 475-1033'),
    ('Georgia','Marietta','2455 Barrett Creek Pkwy, 30066','(770) 420-9993'),
    ('Georgia','Newnan','1086 Bullsburo Dr, 30265','(770) 502-0033'),
    ('Georgia','Pooler','1020 US Hwy 80 E, 31322','(912) 748-0245'),
    ('Georgia','Rome','224 Shorter Ave, 30165','(706) 290-7427'),
    ('Georgia','Savannah','3105 Abercorn St, 31405','(912) 354-1500'),
    ('Georgia','Snellville','1630 Scenic Hwy, 30078','(678) 344-9333'),
    ('Georgia','Valdosta','1874 Perimeter Rd, 31602','(229) 333-0330'),
    ('Georgia','Warner Robins','2702 Watson Blvd, 31093','(478) 953-7427'),
    ('Hawaii','Wahiawa','703 California Ave, 96786','(808) 621-1224'),
    ('Hawaii','Kapolei','91-5431 Kapolei Pkwy, 96707','(808) 744-1181'),
    ('Idaho','Boise','3450 N Eagle Rd, 83713','(208) 887-1110'),
    ('Idaho','Coeur d''Alene','402 W Neider Ave, 83815','(208) 664-1155'),
    ('Idaho','Idaho Falls','2520 S 25th E, 83404','(208) 542-1224'),
    ('Idaho','Nampa','1504 N Cassia St, 83651','(208) 465-7427'),
    ('Idaho','Pocatello','1710 Hurley Dr, 83202','(208) 233-7427'),
    ('Idaho','Twin Falls','1961 Fillmore St, 83301','(208) 732-7427'),
    ('Illinois','Naperville','2856 Patriot’s Ln, 60563','(630) 369-1221'),
    ('Indiana','Clarksville','757 E Lewis and Clark Pkwy, 47129','(812) 280-1103'),
    ('Iowa','Davenport','4005 East 53rd St, 52807','(563) 359-1223'),
    ('Kansas','Garden City','2508 E Kansas Ave, 67846','(620) 275-4444'),
    ('Kansas','Lawrence','2329 Iowa St, 66046','(785) 843-7427'),
    ('Kansas','Manhattan','2005 Clock Tower Pl, 66502','(785) 537-4400'),
    ('Kansas','Olathe','14660 W 119th St, 66062','(913) 782-7427'),
    ('Kansas','Topeka','620 SW Wanamaker Rd, 66606','(785) 273-0400'),
    ('Kansas','Wichita','6707 W Kellogg Dr, 67209','(316) 943-8400'),
    ('Kentucky','Ashland','448 Capital Way, 41101','(606) 325-4444'),
    ('Kentucky','Bowling Green','2640 Westberry Dr, 42104','(270) 843-0551'),
    ('Kentucky','Elizabethtown','1850 N Dixie Hwy, 42701','(270) 763-0004'),
    ('Kentucky','Fort Wright','1881 Dixie Hwy, 41011','(859) 331-1903'),
    ('Kentucky','Lexington','3029 Richmond Rd, 40509','(859) 268-2029'),
    ('Kentucky','Louisville','5005 Shelbyville Rd, 40207','(502) 897-4488'),
    ('Kentucky','Louisville','6415 Outer Loop, 40228','(502) 961-0010'),
    ('Kentucky','Owensboro','2710 Heartland Crossing, 42303','(270) 685-4444'),
    ('Kentucky','Paducah','2900 James Sanders Blvd, 42001','(270) 442-7427'),
    ('Louisiana','Baton Rouge','10320 Reiger Rd, 70809','(225) 293-2222'),
    ('Louisiana','Bossier City','2552 Beene Blvd, 71111','(318) 742-1200'),
    ('Louisiana','Lafayette','5400 Johnston St, 70503','(337) 981-1200'),
    ('Louisiana','Lake Charles','3414 Derek Dr, 70607','(337) 474-7427'),
    ('Louisiana','Slidell','1515 Gause Blvd, 70458','(985) 641-7427'),
    ('Maine','Augusta','22 Whitten Rd, 04330','(207) 622-4240'),
    ('Maine','Bangor','487 Stillwater Ave, 04401','(207) 942-7427'),
    ('Maine','Scarborough','600 Gallery Blvd, 04074','(207) 883-4240'),
    ('Maryland','Baltimore','8225 Town Center Dr, 21236','(410) 931-1510'),
    ('Maryland','Bowie','15201 Major Lansdale Blvd, 20716','(301) 805-4660'),
    ('Maryland','Frederick','5100 Monocacy Blvd, 21704','(301) 620-7427'),
    ('Maryland','Hagerstown','17540 Garland Groh Blvd, 21740','(301) 766-4444'),
    ('Maryland','Salisbury','2307 N Salisbury Blvd, 21801','(410) 548-7427'),
    ('Massachusetts','Brockton','605 Belmont St, 02301','(508) 427-6228'),
    ('Massachusetts','Everett','20 Gateway Center, 02149','(617) 381-7427'),
    ('Massachusetts','Methuen','14 Haverhill St, 01844','(978) 682-7427'),
    ('Massachusetts','Springfield','1259 Liberty St, 01104','(413) 746-1300'),
    ('Massachusetts','Worcester','535 Lincoln St, 01605','(508) 853-7427'),
    ('Michigan','Ann Arbor','3133 Ann Arbor-Saline Rd, 48103','(734) 332-8800'),
    ('Michigan','Chesterfield','46733 Gratiot Ave, 48051','(586) 598-7427'),
    ('Michigan','Grand Rapids','3771 28th St SE, 49512','(616) 940-0010'),
    ('Michigan','Lansing','270 Marcellus Dr, 48917','(517) 322-0050'),
    ('Michigan','Muskegon','1580 East Sherman Blvd, 49444','(231) 733-1464'),
    ('Michigan','Portage','6320 S Westnedge Ave, 49002','(269) 324-4660'),
    ('Michigan','Sterling Heights','35300 Van Dyke Ave, 48312','(586) 939-7427'),
    ('Michigan','Taylor','14612 Pardee Rd, 48180','(734) 287-4400'),
    ('Minnesota','Coon Rapids','3501 Main St NW, 55448','(763) 754-7427'),
    ('Minnesota','Rochester','3350 55th St NW, 55901','(507) 280-7427'),
    ('Minnesota','St. Cloud','225 3rd St NE, 56304','(320) 251-7427'),
    ('Minnesota','Woodbury','10040 City Walk Dr, 55129','(651) 501-1600'),
    ('Mississippi','Gulfport','15024 Crossroads Pkwy, 39503','(228) 831-7427'),
    ('Mississippi','Hattiesburg','6109 US Hwy 98, 39402','(601) 261-0004'),
    ('Mississippi','Horn Lake','6675 Interstate Blvd, 38637','(662) 342-6632'),
    ('Mississippi','Jackson','6363 I-55 N, 39213','(601) 957-3777'),
    ('Missouri','Cape Girardeau','13 Doctors'' Park, 63703','(573) 334-2006'),
    ('Missouri','Columbia','2105 W Broadway, 65203','(573) 446-7427'),
    ('Missouri','Kansas City','8051 N Roanridge Rd, 64151','(816) 741-7427'),
    ('Missouri','Liberty','168 N Stewart Court, 64068','(816) 781-9899'),
    ('Missouri','O''Fallon','1201 Hwy K, 63366','(636) 379-3333'),
    ('Missouri','Springfield','2631 S Glenstone Ave, 65804','(417) 887-3131'),
    ('Missouri','St. Louis','4250 Rusty Rd, 63128','(314) 892-7427'),
    ('Montana','Billings','1008 Shiloh Crossing Blvd, 59102','(406) 652-1601'),
    ('Montana','Bozeman','2005 Clock Tower Pl, 59718','(406) 585-7427'),
    ('Montana','Missoula','3150 N Reserve St, 59808','(406) 728-4444'),
    ('Nebraska','Grand Island','1203 Allen Dr, 68803','(308) 384-7427'),
    ('Nebraska','Lincoln','7000 O St, 68510','(402) 465-4444'),
    ('Nebraska','Omaha','15515 Weir St, 68137','(402) 896-1022'),
    ('Nevada','Henderson','595 W Marks St, 89014','(702) 433-2555'),
    ('Nevada','Las Vegas','1380 E Flamingo Rd, 89119','(702) 451-0123'),
    ('Nevada','Reno','210 E Plumb Ln, 89502','(775) 825-7427'),
    ('New Hampshire','Concord','200 Loudon Rd, 03301','(603) 226-7427'),
    ('New Hampshire','Manchester','700 S Willow St, 03103','(603) 641-7427'),
    ('New Hampshire','Nashua','582 Amherst St, 03063','(603) 880-8444'),
    ('New Jersey','Holmdel','2105 NJ-35, 07733','(732) 739-7427'),
    ('New Jersey','Millville','2250 N 2nd St, 08332','(856) 825-7427'),
    ('New Jersey','Old Bridge','1000 US-9, 08857','(732) 727-4645'),
    ('New Mexico','Albuquerque','5900 Pan American Fwy NE, 87109','(505) 345-7427'),
    ('New Mexico','Las Cruces','2200 E Lohman Ave, 88001','(575) 527-7427'),
    ('New Mexico','Santa Fe','3524 Zafarano Dr, 87507','(505) 438-7427'),
    ('New York','Albany','105 Wolf Rd, 12205','(518) 453-7427'),
    ('New York','Buffalo','1641 Niagara Falls Blvd, 14228','(716) 835-7427'),
    ('New York','Kingston','500 Miron Ln, 12401','(845) 336-7427'),
    ('New York','Rochester','3150 W Ridge Rd, 14626','(585) 227-7427'),
    ('New York','Syracuse','3405 Erie Blvd E, 13214','(315) 449-7427'),
    ('North Carolina','Charlotte','8120 University City Blvd, 28213','(704) 548-7427'),
    ('North Carolina','Durham','3708 Mayfair St, 27707','(919) 490-0033'),
    ('North Carolina','Fayetteville','5422 Sycamore Dairy Rd, 28303','(910) 868-7427'),
    ('North Carolina','Raleigh','1001 Common Wealth Ct, 27612','(919) 872-4660'),
    ('North Carolina','Winston-Salem','320 Hanes Mall Blvd, 27103','(336) 760-4444'),
    ('North Dakota','Bismarck','1000 W Interstate Ave, 58501','(701) 221-7427'),
    ('North Dakota','Fargo','4971 13th Ave S, 58103','(701) 281-7427'),
    ('North Dakota','Grand Forks','3151 32nd Ave S, 58201','(701) 775-7427'),
    ('Ohio','Canton','5025 Dressler Rd NW, 44718','(330) 491-9296'),
    ('Ohio','Cincinnati','11451 Montgomery Rd, 45249','(513) 489-7427'),
    ('Ohio','Cleveland','5250 Northfield Rd, 44137','(216) 662-7427'),
    ('Ohio','Columbus','1111 Gemini Pl, 43240','(614) 880-9110'),
    ('Ohio','Dayton','1750 West Dorothy Lane, 45439','(937) 294-7427'),
    ('Ohio','Findlay','1111 W Trenton Ave, 45840','(419) 420-7427'),
    ('Ohio','Toledo','6749 Airport Hwy, 43528','(419) 868-7427'),
    ('Oklahoma','Lawton','1414 NW Cache Rd, 73505','(580) 581-7427'),
    ('Oklahoma','Norman','1001 24th Ave NW, 73069','(405) 321-7427'),
    ('Oklahoma','Oklahoma City','7010 W Memorial Rd, 73142','(405) 728-7427'),
    ('Oklahoma','Tulsa','1330 East 71st St, 74136','(918) 494-0100'),
    ('Oregon','Bend','63455 N Hwy 97, 97701','(541) 330-1110'),
    ('Oregon','Salem','3445 Commercial St SE, 97302','(503) 540-3450'),
    ('Pennsylvania','Allentown','62 North Krocks Rd, 18106','(610) 398-3333'),
    ('Pennsylvania','Erie','1950 Rotunda Dr, 16509','(814) 864-7427'),
    ('Pennsylvania','Harrisburg','2603 Brindle Dr, 17110','(717) 540-7427'),
    ('Pennsylvania','Pittsburgh','1000 McHolme Dr, 15275','(412) 264-5858'),
    ('Pennsylvania','Scranton','1437 Mondovi Rd, 18519','(570) 341-7427'),
    ('Rhode Island','Warwick','1200 Quaker Ln, 02818','(401) 885-4501'),
    ('South Carolina','Charleston','1708 Sam Rittenberg Blvd, 29407','(843) 573-0330'),
    ('South Carolina','Greenville','1410 Woodruff Rd, 29607','(864) 288-7427'),
    ('South Carolina','Myrtle Beach','980 82nd Pkwy, 29572','(843) 497-2281'),
    ('South Dakota','Rapid City','2102 N Maple Ave, 57701','(605) 341-4100'),
    ('South Dakota','Sioux Falls','4307 W Empire Pl, 57106','(605) 361-9100'),
    ('Tennessee','Chattanooga','2020 Gunbarrel Rd, 37421','(423) 892-7427'),
    ('Tennessee','Knoxville','303 Lovell Rd, 37934','(865) 966-2500'),
    ('Tennessee','Memphis','8311 US-64, 38133','(901) 373-7427'),
    ('Tennessee','Nashville','1059 Old Fort Pkwy, 37129','(615) 896-1800'),
    ('Texas','Abilene','3502 S Clack St, 79606','(325) 691-1122'),
    ('Texas','Amarillo','2805 West Interstate 40, 79109','(806) 355-7427'),
    ('Texas','Austin','9300 S IH 35 Frontage Rd, 78748','(512) 280-7427'),
    ('Texas','Corpus Christi','2029 S Padre Island Dr, 78416','(361) 854-4444'),
    ('Texas','Dallas','3620 Dallas-Ft Worth Tpke, 75211','(214) 330-7427'),
    ('Texas','El Paso','1330 Airway Blvd, 79925','(915) 779-7427'),
    ('Texas','Fort Worth','5250 Endicott Ave, 76137','(817) 831-8811'),
    ('Texas','Houston','13345 FM 1960 Rd W, 77065','(281) 890-7427'),
    ('Texas','Lubbock','4810 S Loop 289, 79414','(806) 794-0010'),
    ('Texas','McAllen','1312 S Jackson Rd, 78503','(956) 661-1200'),
    ('Texas','San Antonio','2893 Cinema Ridge, 78238','(210) 680-7427'),
    ('Utah','Salt Lake City','557 East 2100 S, 84106','(801) 484-7427'),
    ('Vermont','Williston','100 Traders Way, 05495','(802) 872-7427'),
    ('Virginia','Richmond','1500 West Broad St, 23220','(804) 358-7427'),
    ('Washington','Spokane','7611 N Division St, 99208','(509) 464-1500'),
    ('West Virginia','Morgantown','100 J.D. Anderson Dr, 26505','(304) 598-0110'),
    ('Wisconsin','Madison','4302 E Towne Blvd, 53704','(608) 244-7427'),
    ('Wyoming','Cheyenne','1930 Dell Range Blvd, 82009','(307) 632-1550'),
    ('Ohio','Akron','4310 Lakepointe Corporate Dr','(330) 920-9844'),
    ('Ohio','Ashtabula','3110 N Ridge Rd E','(440) 992-7427'),
    ('Ohio','Beavercreek','2600 Colonel Glenn Hwy','(937) 426-7427'),
    ('Ohio','Boardman','7401 Market St','(330) 726-1100'),
    ('Ohio','Chillicothe','125 North Plaza Blvd','(740) 779-3333'),
    ('Ohio','Elyria','1630 West River Rd N','(440) 324-1111'),
    ('Ohio','Hamilton','3445 Princeton Rd','(513) 895-7427'),
    ('Ohio','Lancaster','1345 E Main St','(740) 689-1300'),
    ('Ohio','Lima','1930 Roschman Ave','(419) 222-7427'),
    ('Ohio','Mansfield','650 N Lexington-Springmill Rd','(419) 529-5555'),
    ('Ohio','Marion','1600 Marion-Mt Gilead Rd','(740) 389-4444'),
    ('Ohio','Mentor','9200 Mentor Ave','(440) 255-0004'),
    ('Ohio','New Philadelphia','120 Bluebell Dr SW','(330) 339-8120'),
    ('Ohio','Newark','1195 West Church St','(740) 345-7427'),
    ('Ohio','Niles','2260 Niles Cortland Rd SE','(330) 544-7427'),
    ('Ohio','Reynoldsburg','5940 E Main St','(614) 322-0500'),
    ('Ohio','Springfield','1751 N Bechtle Ave','(937) 322-2100'),
    ('Ohio','Strongsville','16615 Royalton Rd','(440) 572-1331'),
    ('Ohio','Westerville','840 Pole Ln Rd','(740) 548-7427'),
    ('Ohio','Wooster','3453 Burbank Rd','(330) 345-7427'),
    ('Ohio','Zanesville','3802 Northpointe Dr','(740) 450-7427'),
    ('Oklahoma','Broken Arrow','2000 W Kenosha St','(918) 258-7427'),
    ('Oklahoma','Edmond','1500 E 2nd St','(405) 359-7427'),
    ('Oklahoma','Muskogee','919 W Shawnee St','(918) 682-1111'),
    ('Oklahoma','Oklahoma City','2100 W Memorial Rd','(405) 755-7427'),
    ('Oklahoma','Oklahoma City','1109 E I-240 Service Rd','(405) 631-8392'),
    ('Oklahoma','Owasso','12450 East 96th St N','(918) 272-7427'),
    ('Oklahoma','Stillwater','1818 N Perkins Rd','(405) 372-7427'),
    ('Oregon','Portland','9445 NE Cascades Pkwy','(503) 254-7427'),
    ('Oregon','Tigard','11995 SW Main St','(503) 431-7427'),
    ('Pennsylvania','Butler','130 Moraine Pointe Plaza','(724) 283-7427'),
    ('Pennsylvania','Chambersburg','255 Walker Rd','(717) 263-5003'),
    ('Pennsylvania','Ephrata','31 Quarry Ridge Dr','(717) 863-9429'),
    ('Pennsylvania','Greensburg','5227 State Rt 30','(724) 834-7427'),
    ('Pennsylvania','Harrisburg','3529 Union Deposit Rd','(717) 565-1194'),
    ('Pennsylvania','Mechanicsburg','6495 Carlisle Pike','(717) 691-1200'),
    ('Pennsylvania','Monaca','100 Wagner Rd','(724) 728-7427'),
    ('Pennsylvania','Philadelphia','2400 Franklin Mills Cir','(215) 612-2300'),
    ('Pennsylvania','Pittsburgh','200 Siena Dr','(412) 835-7427'),
    ('Pennsylvania','Reading','4409 Perkiomen Ave','(610) 779-7427'),
    ('Pennsylvania','State College','1885 N Atherton St','(814) 234-7427'),
    ('Pennsylvania','Washington','182 Vankirk Dr','(724) 222-7427'),
    ('Pennsylvania','Wilkes-Barre','455 Wilkes Barre Twp Blvd','(570) 824-2224'),
    ('Pennsylvania','York','1500 Kenneth Rd','(717) 764-7427'),
    ('Rhode Island','Cranston','99 Garfield Ave','(401) 943-7427'),
    ('South Carolina','Anderson','3524 Liberty Hwy','(864) 225-7427'),
    ('South Carolina','Columbia','8304 Two Notch Rd','(803) 788-5384'),
    ('South Carolina','Florence','2021 S Irby St','(843) 667-4400'),
    ('South Carolina','Mount Pleasant','1483 N Hwy 17','(843) 971-4444'),
    ('South Carolina','North Charleston','7250 Rivers Ave','(843) 764-1002'),
    ('South Carolina','Rock Hill','2367 Dave Lyle Blvd','(803) 909-7427'),
    ('South Carolina','Spartanburg','100 Sibley St','(864) 574-7427'),
    ('South Carolina','Summerville','100 Sangaree Pkwy','(843) 873-1006'),
    ('Tennessee','Antioch','3017 Century Farms Cir','(615) 747-2050'),
    ('Tennessee','Clarksville','2702 Wilma Rudolph Blvd','(931) 551-7427'),
    ('Tennessee','Cleveland','4355 N Lee Hwy','(423) 479-7427'),
    ('Tennessee','Cookeville','1300 S Jefferson Ave','(931) 520-7427'),
    ('Tennessee','Franklin','1202 Murfreesboro Rd','(615) 794-7427'),
    ('Tennessee','Jackson','916 Vann Dr','(731) 660-7427'),
    ('Tennessee','Johnson City','3008 Peoples St','(423) 282-1110'),
    ('Tennessee','Kingsport','2004 N Roan St','(423) 246-7427'),
    ('Tennessee','Knoxville','3071 Kinzel Way','(865) 286-1543'),
    ('Tennessee','Morristown','3120 W Andrew Johnson Hwy','(423) 317-0044'),
    ('Tennessee','Pigeon Forge','3786 Parkway','(865) 286-1543'),
    ('Tennessee','Sevierville','1432 Hurley Dr','(865) 908-0000'),
    ('Texas','Arlington','3900 Arlington Highlands Blvd','(817) 466-2224'),
    ('Texas','Baytown','6414 Garth Rd','(281) 421-1224'),
    ('Ohio','Akron','4310 Lakepointe Corporate Dr, 44224','(330) 920-9844'),
    ('Ohio','Ashtabula','3110 N Ridge Rd E, 44004','(440) 992-7427'),
    ('Ohio','Beavercreek','2600 Colonel Glenn Hwy, 45324','(937) 426-7427'),
    ('Ohio','Boardman','7401 Market St, 44512','(330) 726-1100'),
    ('Ohio','Chillicothe','125 North Plaza Blvd, 45601','(740) 779-3333'),
    ('Ohio','Dayton','1750 W Dorothy Ln, 45439','(937) 294-7427'),
    ('Ohio','Elyria','1630 West River Rd N, 44035','(440) 324-1111'),
    ('Ohio','Hamilton','3445 Princeton Rd, 45011','(513) 895-7427'),
    ('Ohio','Lancaster','1345 E Main St, 43130','(740) 689-1300'),
    ('Ohio','Lima','1930 Roschman Ave, 45804','(419) 222-7427'),
    ('Ohio','Mansfield','650 N Lexington-Springmill Rd, 44906','(419) 529-5555'),
    ('Ohio','Marion','1600 Marion-Mt Gilead Rd, 43302','(740) 389-4444'),
    ('Ohio','Mentor','9200 Mentor Ave, 44060','(440) 255-0004'),
    ('Ohio','New Philadelphia','120 Bluebell Dr SW, 44663','(330) 339-8120'),
    ('Ohio','Newark','1195 West Church St, 43055','(740) 345-7427'),
    ('Ohio','Niles','2260 Niles Cortland Rd SE, 44446','(330) 544-7427'),
    ('Ohio','Reynoldsburg','5940 E Main St, 43213','(614) 322-0500'),
    ('Ohio','Springfield','1751 N Bechtle Ave, 45504','(937) 322-2100'),
    ('Ohio','Stow','4310 Lakepointe Corporate Dr, 44224','(330) 920-9844'),
    ('Ohio','Strongsville','16615 Royalton Rd, 44136','(440) 572-1331'),
    ('Ohio','Westerville','840 Pole Ln Rd, 43081','(740) 548-7427'),
    ('Ohio','Wooster','3453 Burbank Rd, 44691','(330) 345-7427'),
    ('Ohio','Zanesville','3802 Northpointe Dr, 43701','(740) 450-7427'),
    ('Oklahoma','Broken Arrow','2000 W Kenosha St, 74012','(918) 258-7427'),
    ('Oklahoma','Edmond','1500 E 2nd St, 73034','(405) 359-7427'),
    ('Oklahoma','Muskogee','919 W Shawnee St, 74401','(918) 682-1111'),
    ('Oklahoma','Oklahoma City','2100 W Memorial Rd, 73134','(405) 755-7427'),
    ('Oklahoma','Oklahoma City','1109 E I-240 Service Rd, 73149','(405) 631-8392'),
    ('Oklahoma','Oklahoma City','6200 SW 3rd St, 73128','(405) 789-7427'),
    ('Oklahoma','Owasso','12450 East 96th St N, 74055','(918) 272-7427'),
    ('Oklahoma','Stillwater','1818 N Perkins Rd, 74075','(405) 372-7427'),
    ('Oregon','Portland','9445 NE Cascades Pkwy, 97220','(503) 254-7427'),
    ('Oregon','Tigard','11995 SW Main St, 97223','(503) 431-7427'),
    ('Pennsylvania','Allentown','62 N Krocks Rd, 18106','(610) 398-3333'),
    ('Pennsylvania','Butler','130 Moraine Pointe Plaza, 16001','(724) 283-7427'),
    ('Pennsylvania','Chambersburg','255 Walker Rd, 17201','(717) 263-5003'),
    ('Pennsylvania','Greensburg','5227 State Rt 30, 15601','(724) 834-7427'),
    ('Pennsylvania','Harrisburg','3529 Union Deposit Rd, 17109','(717) 565-1194'),
    ('Pennsylvania','Mechanicsburg','6495 Carlisle Pike, 17050','(717) 691-1200'),
    ('Pennsylvania','Monaca','100 Wagner Rd, 15061','(724) 728-7427'),
    ('Pennsylvania','Philadelphia','2400 Franklin Mills Cir, 19154','(215) 612-2300'),
    ('Pennsylvania','Pittsburgh','200 Siena Dr, 15241','(412) 835-7427'),
    ('Pennsylvania','Reading','4409 Perkiomen Ave, 19606','(610) 779-7427'),
    ('Pennsylvania','State College','1885 N Atherton St, 16803','(814) 234-7427'),
    ('Pennsylvania','Washington','182 Vankirk Dr, 15301','(724) 222-7427'),
    ('Pennsylvania','Wilkes-Barre','455 Wilkes Barre Twp Blvd, 18702','(570) 824-2224'),
    ('Pennsylvania','York','1500 Kenneth Rd, 17408','(717) 764-7427'),
    ('South Carolina','Anderson','3524 Liberty Hwy, 29621','(864) 225-7427'),
    ('South Carolina','Columbia','8304 Two Notch Rd, 29223','(803) 788-5384'),
    ('South Carolina','Florence','2021 S Irby St, 29505','(843) 667-4400'),
    ('South Carolina','Mount Pleasant','1483 N Hwy 17, 29464','(843) 971-4444'),
    ('South Carolina','North Charleston','7250 Rivers Ave, 29406','(843) 764-1002'),
    ('South Carolina','Rock Hill','2367 Dave Lyle Blvd, 29730','(803) 909-7427'),
    ('South Carolina','Spartanburg','100 Sibley St, 29301','(864) 574-7427'),
    ('South Carolina','Summerville','100 Sangaree Pkwy, 29483','(843) 873-1006'),
    ('Tennessee','Antioch','3017 Century Farms Cir, 37013','(615) 747-2050'),
    ('Tennessee','Clarksville','2702 Wilma Rudolph Blvd, 37040','(931) 551-7427'),
    ('Tennessee','Cleveland','4355 N Lee Hwy, 37312','(423) 479-7427'),
    ('Tennessee','Cookeville','1300 S Jefferson Ave, 38506','(931) 520-7427'),
    ('Tennessee','Franklin','1202 Murfreesboro Rd, 37064','(615) 794-7427'),
    ('Tennessee','Jackson','916 Vann Dr, 38305','(731) 660-7427'),
    ('Tennessee','Johnson City','3008 Peoples St, 37604','(423) 282-1110'),
    ('Tennessee','Kingsport','2004 N Roan St, 37660','(423) 246-7427'),
    ('Tennessee','Knoxville','3071 Kinzel Way, 37924','(865) 286-1543'),
    ('Tennessee','Morristown','3120 W Andrew Johnson Hwy, 37814','(423) 317-0044'),
    ('Tennessee','Murfreesboro','1059 Old Fort Pkwy, 37129','(615) 896-1800'),
    ('Tennessee','Nashville','1007 Bell Rd, 37013','(615) 731-0000'),
    ('Tennessee','Pigeon Forge','3786 Parkway, 37863','(865) 286-1543'),
    ('Tennessee','Sevierville','1432 Hurley Dr, 37862','(865) 908-0000'),
    ('Texas','Amarillo','2805 W Interstate 40, 79109','(806) 355-7427'),
    ('Texas','Arlington','3900 Arlington Highlands Blvd, 76018','(817) 466-2224'),
    ('Texas','Baytown','6414 Garth Rd, 77521','(281) 421-1224'),
    ('Texas','Beaumont','205 Interstate 10 N, 77707','(409) 835-7427'),
    ('Texas','Brownsville','3040 N Expressway, 78521','(956) 541-7427'),
    ('Texas','College Station','1601 University Dr E, 77840','(979) 260-1200'),
    ('Texas','Conroe','1416 Loop 336 W, 77304','(936) 441-7427'),
    ('Texas','Denton','2817 S Interstate 35, 76205','(940) 243-7427'),
    ('Texas','Edinburg','501 E Trenton Rd, 78539','(956) 380-6000'),
    ('Texas','El Paso','5010 N Desert Blvd, 79912','(915) 581-2200'),
    ('Texas','El Paso','10729 Gateway Blvd W, 79935','(915) 591-7427'),
    ('Texas','Flower Mound','3811 Long Prairie Rd, 75028','(972) 691-7800'),
    ('Texas','Fort Bliss','1613 Pleasonton Rd, 79906','(915) 562-7427'),
    ('Texas','Fort Worth','4720 SW Loop 820, 76109','(817) 731-1111'),
    ('Texas','Friendswood','18194 Gulf Fwy, 77546','(281) 486-7427'),
    ('Texas','Garland','5012 N Pres. George Bush Hwy, 75040','(972) 414-7427'),
    ('Texas','Grand Prairie','2490 I-20 Frontage Rd, 75052','(972) 642-7427'),
    ('Texas','Harlingen','4805 S Expressway 83, 78550','(956) 423-7427'),
    ('Texas','Houston','124-B FM 1960 Rd E, 77073','(281) 821-7427'),
    ('Texas','Humble','9747 N Sam Houston Pkwy E, 77396','(281) 441-1181'),
    ('Texas','Irving','2525 W Lyndon B Johnson Fwy, 75063','(972) 556-7427'),
    ('Texas','Katy','20840 Katy Fwy, 77449','(281) 829-2400'),
    ('Texas','Killeen','3709 E Central Texas Expy, 76543','(254) 690-6400'),
    ('Texas','Kingwood','23750 US-59, 77339','(281) 359-7427'),
    ('Texas','Lake Jackson','100 TX-332 Ste 1126, 77566','(979) 299-1300'),
    ('Texas','Laredo','5722 San Bernardo Ave, 78041','(956) 727-7427'),
    ('Texas','Live Oak','13830 I-35 N, 78233','(210) 599-2311'),
    ('Texas','Longview','320 E Loop 281, 75605','(903) 753-3323'),
    ('Texas','Lubbock','6101 Slide Rd, 79414','(806) 791-7427'),
    ('Texas','Lufkin','4500 S Medford Dr, 75901','(936) 634-1100'),
    ('Texas','Mansfield','940 US-287 Frontage Rd, 76063','(817) 473-7427'),
    ('Texas','McKinney','3101 S Central Expy, 75070','(972) 548-7427'),
    ('Texas','Mesquite','1420 N Peachtree Rd, 75149','(972) 289-4444'),
    ('Texas','Midland','4512 W Loop 250 N, 79707','(432) 689-7427'),
    ('Texas','Northlake','18355 I-35W, 76262','(817) 491-1111'),
    ('Texas','Odessa','4221 N Grandview Ave, 79762','(432) 366-4444'),
    ('Texas','Pasadena','3033 E Sam Houston Pkwy S, 77503','(281) 487-7427'),
    ('Texas','Pearland','2526 Smith Ranch Rd, 77584','(713) 436-7427'),
    ('Texas','Pflugerville','15415 S I-35 Frontage Rd, 78660','(512) 670-0010'),
    ('Texas','Port Arthur','8575 Memorial Blvd, 77640','(409) 727-7427'),
    ('Texas','Richmond','4807 Waterview Meadow Dr, 77407','(281) 232-1111'),
    ('Texas','Rockwall','912 E Interstate 30, 75087','(972) 772-7427'),
    ('Texas','Rosenberg','24020 Southwest Fwy, 77471','(281) 239-1111'),
    ('Texas','San Angelo','3057 W Loop 306, 76904','(325) 944-7427'),
    ('Texas','San Antonio','2751 SE Military Dr, 78223','(210) 333-7427'),
    ('Texas','San Antonio','6616 W Loop 1604 N, 78254','(210) 688-9100'),
    ('Texas','San Marcos','1502 I-35 Frontage Rd, 78666','(512) 392-7427'),
    ('Texas','Sherman','2773 US-75, 75090','(903) 893-7427'),
    ('Texas','Temple','624 N General Bruce Dr, 76504','(254) 771-1111'),
    ('Texas','Texarkana','2041 Mall Dr, 75503','(903) 223-7427'),
    ('Texas','The Colony','4125 State Hwy 121, 75056','(972) 624-7427'),
    ('Texas','Tomball','24530 Tomball Pkwy, 77375','(281) 255-0010'),
    ('Texas','Tyler','2101 E SE Loop 323, 75701','(903) 534-1111'),
    ('Texas','Victoria','4908 N Navarro St, 77904','(361) 572-1111'),
    ('Texas','Waco','2815 La Salle Ave, 76706','(254) 752-0010'),
    ('Texas','Weatherford','201 I-20, 76087','(817) 594-7427'),
    ('Texas','Wichita Falls','3111 Lawrence Rd, 76308','(940) 687-7427'),
    ('Utah','Layton','740 W Heritage Park Blvd','(801) 774-7427'),
    ('Utah','Lehi','1402 E 3500 N, 84043','(385) 352-7427'),
    ('Utah','Logan','845 N Main St, 84321','(435) 753-7427'),
    ('Utah','Orem','1265 S State St, 84097','(801) 226-2742'),
    ('Utah','Sandy','10074 S State St, 84070','(801) 568-1200'),
    ('Utah','South Jordan','11593 S 4000 W, 84009','(801) 253-1200'),
    ('Utah','South Ogden','1410 E 5600 S, 84403','(801) 479-7427'),
    ('Utah','St. George','1420 E St George Blvd, 84770','(435) 656-1110'),
    ('Utah','West Bountiful','365 N 500 W, 84087','(801) 294-7427'),
    ('Virginia','Ashburn','44835 Oakbrook Blvd, 20147','(703) 723-7427'),
    ('Virginia','Chantilly','4993 Westone Plaza, 20151','(703) 263-1224'),
    ('Virginia','Chesapeake','1500 Crossways Blvd, 23320','(757) 424-7427'),
    ('Virginia','Christiansburg','2555 N Franklin St, 24073','(540) 381-1200'),
    ('Virginia','Colonial Heights','501 Southpark Blvd, 23834','(804) 526-7427'),
    ('Virginia','Culpeper','780 Madison Rd, 22701','(540) 825-7427'),
    ('Virginia','Danville','125 Daniel Coleman Dr, 24541','(434) 791-2224'),
    ('Virginia','Fredericksburg','590 Celebrate Virginia Pkwy','(540) 286-1300'),
    ('Virginia','Harrisonburg','1750 Carlton St, 22801','(540) 434-7427'),
    ('Virginia','Lynchburg','3900 Wards Rd, 24502','(434) 237-7427'),
    ('Virginia','Manassas','10430 Portsmouth Rd, 20109','(703) 335-7427'),
    ('Virginia','Midlothian','1500 West Broad St, 23220','(804) 358-7427'),
    ('Virginia','Newport News','12059 Jefferson Ave, 23606','(757) 249-1133'),
    ('Virginia','Roanoke','3825 Thirlane Rd NW, 24019','(540) 563-0000'),
    ('Virginia','Virginia Beach','1424 Nimmo Pkwy, 23454','(757) 430-1500'),
    ('Virginia','Winchester','2240 S Pleasant Valley Rd, 22601','(540) 662-7427'),
    ('Washington','Everett','9623 Evergreen Way, 98204','(425) 347-7427'),
    ('Washington','Kennewick','835 N Columbia Center Blvd','(509) 735-7427'),
    ('Washington','Lakewood','11400 Pacific Hwy SW, 98499','(253) 581-7427'),
    ('Washington','Puyallup','4404 S Meridian, 98373','(253) 445-7427'),
    ('Washington','Union Gap','1805 E Washington Ave, 98903','(509) 457-7427'),
    ('Washington','Vancouver','711 SE 164th Ave, 98683','(360) 896-1200'),
    ('West Virginia','Barboursville','400 Mall Rd, 25504','(304) 733-1464'),
    ('West Virginia','Charleston','200 Cross Terraces Blvd, 25309','(304) 746-7427'),
    ('West Virginia','Clarksburg','134 Emily Dr, 26301','(304) 622-7427'),
    ('West Virginia','Parkersburg','2306 Ohio Ave, 26101','(304) 422-7427'),
    ('Wisconsin','Appleton','3910 W College Ave, 54914','(920) 731-1100'),
    ('Wisconsin','Brookfield','15425 W Bluemound Rd, 53005','(262) 784-7427'),
    ('Wisconsin','Eau Claire','4710 Golf Rd, 54701','(715) 838-0035'),
    ('Wisconsin','Green Bay','845 Main St, 54301','(920) 437-7427'),
    ('Wisconsin','Janesville','3210 Deerfield Dr, 53546','(608) 741-7427'),
    ('Wisconsin','Kenosha','6940 75th St, 53142','(262) 694-2224'),
    ('Wisconsin','New Berlin','15415 W Beloit Rd, 53151','(262) 780-1650'),
    ('Wisconsin','Onalaska','2840 Midwest Dr, 54650','(608) 779-7427'),
    ('Wisconsin','Racine','5720 Washington Ave, 53406','(262) 633-1224'),
    ('Wisconsin','Waukesha','1140 W Sunset Dr, 53189','(262) 542-7427'),
    ('Alabama','Athens','1317 US-72, 35611','(256) 233-7427'),
    ('Arizona','Surprise','14141 W Waddell Rd, 85379','(623) 544-7427'),
    ('Arizona','Tempe','1630 W Warner Rd, 85284','(480) 775-7427'),
    ('Arkansas','Searcy','3810 E Race Ave, 72143','(501) 268-7427'),
    ('California','Camarillo','425 W Ventura Blvd, 93010','(805) 322-1200'),
    ('California','Hesperia','13391 Main St, 92345','(760) 948-7427'),
    ('Florida','Champions Gate','8251 Champions Gate Blvd, 33896','(863) 424-7427'),
    ('Florida','Trinity','10300 Trinity Blvd, 34655','(727) 372-7427'),
    ('Florida','Wesley Chapel','26409 Silver Palm Blvd, 33544','(813) 907-2510'),
    ('Georgia','Kingsland','1329 Elizabeth St, 31548','(912) 729-7427'),
    ('Georgia','Snellville','1630 Scenic Hwy N, 30078','(678) 344-9333'),
    ('Illinois','Mattoon','120 Dettro Dr, 61938','(217) 235-7427'),
    ('Indiana','Greenfield','1801 N State St, 46140','(317) 462-7427'),
    ('Kentucky','Berea','120 Prince Royal Dr, 40403','(859) 985-7427'),
    ('Louisiana','Ruston','1111 Cooktown Rd, 71270','(318) 255-7427'),
    ('Maryland','Fallston','1615 Bel Air Rd, 21047','(410) 877-7427'),
    ('Michigan','Howell','2360 S Latson Rd, 48843','(517) 540-1015'),
    ('Mississippi','D’Iberville','3821 Promenade Pkwy, 39540','(228) 392-7427'),
    ('Missouri','Branson','1005 Branson Hills Pkwy, 65616','(417) 336-7427'),
    ('North Carolina','Henderson','110 Exchange St, 27536','(252) 430-7427'),
    ('New Jersey','Marlton','200 NJ-73, 08053','(856) 983-7427'),
    ('New York','Shirley','999 Montauk Hwy, 11967','(631) 399-7427'),
    ('Ohio','Sidney','1640 Michigan St, 45365','(937) 492-7427'),
    ('Pennsylvania','Ephrata','31 Quarry Ridge Dr, 17522','(717) 863-9429'),
    ('Puerto Rico','San Juan','525 Av. Franklin Delano Roosevelt, 00918','(787) 753-7427'),
    ('Puerto Rico','Canóvanas','18400 State Rd 3, 00729','(787) 256-7427'),
    ('South Carolina','Indian Land','10052 Charlotte Hwy, 29707','(803) 548-7427'),
    ('Tennessee','Spring Hill','4825 Main St, 37174','(615) 302-1811'),
    ('Texas','Buda','15415 I-35 Frontage Rd, 78610','(512) 670-0010'),
    ('Virginia','Waynesboro','1317 W Broad St, 22980','(540) 943-7427'),
    ('Wisconsin','Fond du Lac','700 W Johnson St, 54935','(920) 921-7427'),
    ('Mexico','Monterrey','Ave. Lázaro Cárdenas 2510, 64900','+52 81 8357 7427'),
    ('Philippines','Taguig','Uptown Mall, BGC, 1630','+63 2 7766 2662'),
    ('Philippines','Pasay','S'' Maison, Conrad Hotel, 1300','+63 2 8246 2908'),
    ('Philippines','Manila','Robinsons Place, 1000','+63 2 8511 1239'),
    ('Philippines','Makati','Greenbelt 5, 1228','+63 2 7729 8901'),
    ('Kuwait','Kuwait City','Al Kout Mall, 64006','+965 2208 1162'),
    ('Kuwait','Kuwait City','The Avenues Mall, 13001','+965 2228 3501'),
    ('United Arab Emirates','Dubai','The Dubai Mall, Level LG','+971 4 339 9083'),
    ('United Arab Emirates','Dubai','Dubai Festival City','+971 4 232 6058'),
    ('Saudi Arabia','Riyadh','King Fahd Rd','+966 11 293 8211'),
    ('Qatar','Doha','Doha Festival City','+974 4452 9397'),
    ('Taiwan','Taipei','Songgao Rd, Xinyi District','+886 2 2725 1030'),
    ('Taiwan','Taichung','SKM Mall, 407','+886 4 2258 5390'),
    ('South Korea','Namyangju','Dasan-dong, Hyundai Space 1','+82 31-8078-2080'),
    ('Alabama','Cullman','5816 AL-157, 35058','(256) 739-7427'),
    ('Arizona','Chandler','2850 W Chandler Blvd, 85224','(480) 812-7427'),
    ('Colorado','Brighton','2150 Prairie Center Pkwy, 80601','(303) 659-7427'),
    ('Florida','Deltona','2100 Saxon Blvd, 32725','(386) 532-7427'),
    ('Florida','Fort Walton','391 Mary Esther Cut Off NW, 32548','(850) 244-7427'),
    ('Florida','Lutz','25425 Sierra Center Blvd, 33559','(813) 948-7427'),
    ('Georgia','Cartersville','200 Cherokee Pl, 30121','(770) 607-7427'),
    ('Iowa','Ankeny','1800 SE Delaware Ave, 50021','(515) 965-7427'),
    ('Illinois','Algonquin','2281 S Randall Rd, 60102','(847) 458-7427'),
    ('Indiana','Sellersburg','750 Hunter Station Rd, 47172','(812) 246-7427'),
    ('Kansas','Derby','1751 N Rock Rd, 67037','(316) 788-7427'),
    ('Kentucky','Georgetown','101 Market St, 40324','(502) 863-7427'),
    ('Michigan','Battle Creek','12850 Harper Village Dr, 49014','(269) 979-7427'),
    ('Minnesota','Mankato','1351 Madison Ave, 56001','(507) 388-7427'),
    ('Missouri','Wentzville','1120 Lodora Dr, 63385','(636) 332-7427'),
    ('North Carolina','Concord','8181 Lyles Ln NW, 28027','(704) 979-7427'),
    ('Nebraska','Kearney','1320 2nd Ave, 68847','(308) 234-7427'),
    ('New Mexico','Clovis','2800 N Prince St, 88101','(575) 762-7427'),
    ('Ohio','Marysville','16421 Square Dr, 43040','(937) 642-7427'),
    ('Oklahoma','Duncan','3405 N Hwy 81, 73533','(580) 255-7427'),
    ('Pennsylvania','Trexlertown','62 N Krocks Rd, 18106','(610) 398-3333'),
    ('South Carolina','Aiken','2305 Whiskey Rd, 29803','(803) 641-7427'),
    ('Tennessee','Tullahoma','1804 N Jackson St, 37388','(931) 454-7427'),
    ('Texas','Waxahachie','1400 Civic Center Dr, 75165','(972) 937-7427'),
    ('Utah','Saratoga Springs','1512 N Commerce Dr, 84045','(801) 766-7427'),
    ('Virginia','Stafford','590 Celebrate Virginia Pkwy, 22554','(540) 286-1300'),
    ('West Virginia','Princeton','204 Oakvale Rd, 24740','(304) 425-7427'),
    ('Wisconsin','Oshkosh','450 S Koeller St, 54902','(920) 232-7427'),
    ('Mexico','Saltillo','Blvd. Venustiano Carranza 5055, 25270','+52 844 416 7427'),
    ('Philippines','Davao','SM Lanang Premier, 8000','+63 82 285 7427'),
    ('Kuwait','Mahboula','Coastal Rd, 54102','+965 2208 1162'),
    ('United Arab Emirates','Abu Dhabi','Yas Mall, Level 1','+971 2 565 0577'),
    ('Saudi Arabia','Khobar','Al Rashid Mall','+966 13 899 7427'),
    ('Texas','Weatherford','201 Interstate 20 E, 76087','(817) 594-7427'),
    ('Texas','Bastrop','749 Hwy 71 W, 78602','(512) 321-7427'),
    ('Texas','Burleson','1616 SW Wilshire Blvd, 76028','(817) 426-7427'),
    ('Texas','Corsicana','3800 W State Hwy 31, 75110','(903) 872-7427'),
    ('Texas','Greenville','8501 I-30 Frontage Rd, 75402','(903) 454-7427'),
    ('Texas','Huntsville','120 Memorial Pkwy, 77340','(936) 295-7427'),
    ('Texas','Kerrville','1441 Junction Hwy, 78028','(830) 895-7427'),
    ('Texas','Mount Pleasant','2404 S Jefferson Ave, 75455','(903) 572-7427'),
    ('Texas','Palestine','2000 B Loop 256, 75801','(903) 723-7427'),
    ('Texas','Paris','3605 NE Loop 286, 75460','(903) 784-7427'),
    ('Texas','Seguin','1510 W Court St, 78155','(830) 372-7427'),
    ('Texas','Stephenville','2900 W Washington St, 76401','(254) 968-7427'),
    ('Texas','Sulphur Springs','1401 Mockingbird Ln, 75482','(903) 439-7427'),
    ('Texas','Terrell','1350 State Hwy 34 S, 75160','(972) 563-7427'),
    ('Texas','Vidor','1050 N Main St, 77662','(409) 769-7427'),
    ('Texas','Brenham','2201 S Day St, 77833','(979) 830-7427'),
    ('Texas','Gainesville','800 US-82, 76240','(940) 665-7427'),
    ('Texas','Pampa','2300 Perryton Pkwy, 79065','(806) 665-7427'),
    ('Utah','American Fork','554 S 500 E, 84003','(801) 492-7427'),
    ('Utah','Layton','740 W Heritage Park Blvd, 84041','(801) 774-7427'),
    ('Utah','Spanish Fork','942 N 800 E, 84660','(801) 794-1111'),
    ('Washington','Kennewick','835 N Columbia Center Blvd, 99336','(509) 735-7427'),
    ('Philippines','Quezon City','SM North EDSA, 1105','+63 2 8372 1239'),
    ('Philippines','Las Piñas City','SM Southmall, 1740','+63 2 8244 1239'),
    ('Philippines','Pampanga','SM City Clark, 2009','+63 45 499 1239'),
    ('Kuwait','Kuwait City','Marina Mall, 22012','+965 2224 4814'),
    ('Saudi Arabia','Riyadh','Sidra Mall','+966 11 293 8211'),
    ('United Arab Emirates','Dubai','Mall of the Emirates','+971 4 339 9083'),
    ('Qatar','Doha','Mall of Qatar','+974 4452 9397'),
    ('Puerto Rico','Hatillo','Plaza del Mar, 00659','(787) 878-7427'),
    ('Puerto Rico','Bayamón','Plaza del Sol, 00961','(787) 780-7427'),
    ('Mexico','Querétaro','Antea Life Center, 76100','+52 442 688 7427'),
    ('Mexico','Puebla','Centro Comercial Angelópolis, 72190','+52 222 225 7427')

) AS v(state, city, address, phone)
JOIN states s ON s.name = v.state
JOIN cities c ON c.name = v.city AND c.state_id = s.id;
